{"cameraMode":{"drawMode":0,"name":"Shaded","section":"Shading Mode"},"sceneLighting":true,"audioPlay":false,"sceneViewState":{"showFog":true,"showMaterialUpdate":true,"showSkybox":true,"showFlares":true,"showImageEffects":true,"showParticleSystems":true},"in2DMode":false,"pivot":{"x":-26.951309204101564,"y":-53.06220626831055,"z":8.006396293640137},"rotation":{"x":0.3627598285675049,"y":-0.581773579120636,"z":0.3235885798931122,"w":0.6521696448326111},"size":37.216880798339847,"orthographic":false}