{"cameraMode":{"drawMode":0,"name":"Shaded","section":"Shading Mode"},"sceneLighting":true,"audioPlay":false,"sceneViewState":{"showFog":true,"showMaterialUpdate":false,"showSkybox":true,"showFlares":true,"showImageEffects":true,"showParticleSystems":true},"in2DMode":false,"pivot":{"x":-11.09907054901123,"y":12.8198823928833,"z":-20.567474365234376},"rotation":{"x":-0.3693337142467499,"y":-0.009480096399784089,"z":0.0037682291585952045,"w":-0.9292486310005188},"size":12.411399841308594,"orthographic":false}