{"cameraMode":{"drawMode":0,"name":"Shaded","section":"Shading Mode"},"sceneLighting":true,"audioPlay":false,"sceneViewState":{"showFog":true,"showMaterialUpdate":true,"showSkybox":true,"showFlares":true,"showImageEffects":true,"showParticleSystems":true},"in2DMode":false,"pivot":{"x":-11.355377197265625,"y":-5.687019348144531,"z":9.237686157226563},"rotation":{"x":-0.2639889121055603,"y":0.10593031346797943,"z":-0.029214737936854364,"w":-0.9583041071891785},"size":26.033403396606447,"orthographic":false}