{"cameraMode":{"drawMode":0,"name":"Shaded","section":"Shading Mode"},"sceneLighting":false,"audioPlay":false,"sceneViewState":{"showFog":true,"showMaterialUpdate":true,"showSkybox":false,"showFlares":true,"showImageEffects":true,"showParticleSystems":true},"in2DMode":false,"pivot":{"x":-4.269999980926514,"y":1.5,"z":0.13999998569488526},"rotation":{"x":-0.26269039511680605,"y":0.010703365318477154,"z":-0.0029466820415109398,"w":-0.9648741483688355},"size":1.8788293600082398,"orthographic":false}