{"cameraMode":{"drawMode":0,"name":"Shaded","section":"Shading Mode"},"sceneLighting":true,"audioPlay":false,"sceneViewState":{"showFog":true,"showMaterialUpdate":true,"showSkybox":true,"showFlares":true,"showImageEffects":true,"showParticleSystems":true},"in2DMode":false,"pivot":{"x":-13.68057918548584,"y":10.033469200134278,"z":-9.256617546081543},"rotation":{"x":-0.3002505302429199,"y":0.1855831891298294,"z":-0.05970863252878189,"w":-0.93377286195755},"size":6.5888800621032719,"orthographic":false}