{"cameraMode":{"drawMode":0,"name":"Shaded","section":"Shading Mode"},"sceneLighting":true,"audioPlay":false,"sceneViewState":{"showFog":true,"showMaterialUpdate":true,"showSkybox":true,"showFlares":true,"showImageEffects":true,"showParticleSystems":true},"in2DMode":false,"pivot":{"x":-5.070755958557129,"y":-70.16185760498047,"z":120.17678833007813},"rotation":{"x":0.25493520498275759,"y":0.041429631412029269,"z":-0.011054602451622486,"w":0.9660759568214417},"size":107.08273315429688,"orthographic":false}