{"cameraMode":{"drawMode":0,"name":"Shaded","section":"Shading Mode"},"sceneLighting":false,"audioPlay":false,"sceneViewState":{"showFog":true,"showMaterialUpdate":true,"showSkybox":false,"showFlares":true,"showImageEffects":true,"showParticleSystems":true},"in2DMode":false,"pivot":{"x":-14.390000343322754,"y":2.375,"z":12.229999542236329},"rotation":{"x":-0.29668623208999636,"y":0.07267537713050842,"z":-0.022676292806863786,"w":-0.9519867300987244},"size":1.8162190914154053,"orthographic":false}