{"cameraMode":{"drawMode":0,"name":"Shaded","section":"Shading Mode"},"sceneLighting":false,"audioPlay":false,"sceneViewState":{"showFog":true,"showMaterialUpdate":true,"showSkybox":false,"showFlares":true,"showImageEffects":true,"showParticleSystems":true},"in2DMode":false,"pivot":{"x":-4.850273132324219,"y":1.3888769149780274,"z":0.060199081897735599},"rotation":{"x":-0.317862868309021,"y":0.14206568896770478,"z":-0.04823460802435875,"w":-0.9362043738365173},"size":1.7422852516174317,"orthographic":false}