{"cameraMode":{"drawMode":0,"name":"Shaded","section":"Shading Mode"},"sceneLighting":true,"audioPlay":false,"sceneViewState":{"showFog":true,"showMaterialUpdate":true,"showSkybox":true,"showFlares":true,"showImageEffects":true,"showParticleSystems":true},"in2DMode":false,"pivot":{"x":-9.340973854064942,"y":18.77853775024414,"z":-19.789634704589845},"rotation":{"x":-0.2904110252857208,"y":0.08368335664272309,"z":-0.025538407266139985,"w":-0.952948808670044},"size":3.205293655395508,"orthographic":false}