{"cameraMode":{"drawMode":0,"name":"Shaded","section":"Shading Mode"},"sceneLighting":true,"audioPlay":false,"sceneViewState":{"showFog":true,"showMaterialUpdate":true,"showSkybox":true,"showFlares":true,"showImageEffects":true,"showParticleSystems":true},"in2DMode":false,"pivot":{"x":-11.593276023864746,"y":-1.4329841136932374,"z":2.339606761932373},"rotation":{"x":-0.3420436978340149,"y":0.059700168669223788,"z":-0.021814975887537004,"w":-0.9375868439674377},"size":9.541001319885254,"orthographic":false}