{"cameraMode":{"drawMode":0,"name":"Shaded","section":"Shading Mode"},"sceneLighting":false,"audioPlay":false,"sceneViewState":{"showFog":true,"showMaterialUpdate":true,"showSkybox":false,"showFlares":true,"showImageEffects":true,"showParticleSystems":true},"in2DMode":false,"pivot":{"x":-7.099999904632568,"y":1.5,"z":1.809999942779541},"rotation":{"x":-0.36217647790908816,"y":0.03131503984332085,"z":-0.012159076519310475,"w":-0.9315288662910461},"size":2.4247448444366457,"orthographic":false}