{"cameraMode":{"drawMode":0,"name":"Shaded","section":"Shading Mode"},"sceneLighting":false,"audioPlay":false,"sceneViewState":{"showFog":true,"showMaterialUpdate":true,"showSkybox":false,"showFlares":true,"showImageEffects":true,"showParticleSystems":true},"in2DMode":false,"pivot":{"x":-10.600000381469727,"y":0.6000000238418579,"z":4.2712249755859379},"rotation":{"x":-0.3066524565219879,"y":0.06047651916742325,"z":-0.01956142671406269,"w":-0.9497528076171875},"size":1.4142135381698609,"orthographic":false}