{"cameraMode":{"drawMode":0,"name":"Shaded","section":"Shading Mode"},"sceneLighting":true,"audioPlay":false,"sceneViewState":{"showFog":true,"showMaterialUpdate":true,"showSkybox":true,"showFlares":true,"showImageEffects":true,"showParticleSystems":true},"in2DMode":false,"pivot":{"x":994.06103515625,"y":610.91015625,"z":32.975013732910159},"rotation":{"x":-0.11436505615711212,"y":-0.0032817223109304907,"z":0.0003453556855674833,"w":-0.9934799671173096},"size":604.02880859375,"orthographic":false}