{"cameraMode":{"drawMode":0,"name":"Shaded","section":"Shading Mode"},"sceneLighting":true,"audioPlay":false,"sceneViewState":{"showFog":true,"showMaterialUpdate":true,"showSkybox":true,"showFlares":true,"showImageEffects":true,"showParticleSystems":true},"in2DMode":false,"pivot":{"x":-17.423274993896486,"y":-14.435386657714844,"z":23.389612197875978},"rotation":{"x":-0.2722119987010956,"y":0.06403150409460068,"z":-0.018138045445084573,"w":-0.9599577784538269},"size":24.878318786621095,"orthographic":false}