{"cameraMode":{"drawMode":0,"name":"Shaded","section":"Shading Mode"},"sceneLighting":false,"audioPlay":false,"sceneViewState":{"showFog":true,"showMaterialUpdate":true,"showSkybox":false,"showFlares":true,"showImageEffects":true,"showParticleSystems":true},"in2DMode":false,"pivot":{"x":-1.7055137157440186,"y":2.25,"z":0.8509672284126282},"rotation":{"x":-0.2639889121055603,"y":0.10593031346797943,"z":-0.029214737936854364,"w":-0.9583041071891785},"size":2.083866596221924,"orthographic":false}