{"cameraMode":{"drawMode":0,"name":"Shaded","section":"Shading Mode"},"sceneLighting":false,"audioPlay":false,"sceneViewState":{"showFog":true,"showMaterialUpdate":true,"showSkybox":false,"showFlares":true,"showImageEffects":true,"showParticleSystems":true},"in2DMode":false,"pivot":{"x":-7.495940685272217,"y":1.5,"z":-0.4456941485404968},"rotation":{"x":-0.2639889121055603,"y":0.10593031346797943,"z":-0.029214737936854364,"w":-0.9583041071891785},"size":1.5099667310714722,"orthographic":false}