{"cameraMode":{"drawMode":0,"name":"Shaded","section":"Shading Mode"},"sceneLighting":false,"audioPlay":false,"sceneViewState":{"showFog":true,"showMaterialUpdate":true,"showSkybox":false,"showFlares":true,"showImageEffects":true,"showParticleSystems":true},"in2DMode":false,"pivot":{"x":-1.1011353731155396,"y":18.149057388305665,"z":0.5204678773880005},"rotation":{"x":-0.047247838228940967,"y":0.6927817463874817,"z":-0.045578453689813617,"w":-0.7181625366210938},"size":16.16810417175293,"orthographic":false}