{"cameraMode":{"drawMode":0,"name":"Shaded","section":"Shading Mode"},"sceneLighting":true,"audioPlay":false,"sceneViewState":{"showFog":true,"showMaterialUpdate":true,"showSkybox":true,"showFlares":true,"showImageEffects":true,"showParticleSystems":true},"in2DMode":false,"pivot":{"x":-397.2870788574219,"y":-275.7922058105469,"z":53.354007720947269},"rotation":{"x":-0.2227870225906372,"y":0.6189923286437988,"z":-0.18940426409244538,"w":-0.7291834950447083},"size":259.45477294921877,"orthographic":false}