{"cameraMode":{"drawMode":0,"name":"Shaded","section":"Shading Mode"},"sceneLighting":false,"audioPlay":false,"sceneViewState":{"showFog":true,"showMaterialUpdate":false,"showSkybox":false,"showFlares":true,"showImageEffects":true,"showParticleSystems":true},"in2DMode":false,"pivot":{"x":0.7225408554077148,"y":2.2706470489501955,"z":2.090395927429199},"rotation":{"x":0.3485565185546875,"y":-0.336860328912735,"z":0.13582395017147065,"w":0.8640878200531006},"size":6.131490230560303,"orthographic":false}