{"cameraMode":{"drawMode":0,"name":"Shaded","section":"Shading Mode"},"sceneLighting":false,"audioPlay":false,"sceneViewState":{"showFog":true,"showMaterialUpdate":false,"showSkybox":false,"showFlares":true,"showImageEffects":true,"showParticleSystems":true},"in2DMode":false,"pivot":{"x":0.5040411949157715,"y":3.0,"z":1.5563268661499024},"rotation":{"x":0.2736058235168457,"y":-0.37722069025039675,"z":0.11762732267379761,"w":0.8769671320915222},"size":4.17890739440918,"orthographic":false}