{"cameraMode":{"drawMode":0,"name":"Shaded","section":"Shading Mode"},"sceneLighting":true,"audioPlay":false,"sceneViewState":{"showFog":true,"showMaterialUpdate":true,"showSkybox":true,"showFlares":true,"showImageEffects":true,"showParticleSystems":true},"in2DMode":false,"pivot":{"x":7.298895835876465,"y":-5.653051376342773,"z":17.911033630371095},"rotation":{"x":0.3415091037750244,"y":0.5376357436180115,"z":-0.2519851624965668,"w":0.7286120653152466},"size":7.87489128112793,"orthographic":false}