{"cameraMode":{"drawMode":0,"name":"Shaded","section":"Shading Mode"},"sceneLighting":true,"audioPlay":false,"sceneViewState":{"showFog":true,"showMaterialUpdate":true,"showSkybox":true,"showFlares":true,"showImageEffects":true,"showParticleSystems":true},"in2DMode":false,"pivot":{"x":-4.717291355133057,"y":-9.14240550994873,"z":-4.756464004516602},"rotation":{"x":-0.15566743910312653,"y":0.8418989181518555,"z":-0.3287809491157532,"w":-0.39861321449279787},"size":12.970296859741211,"orthographic":false}